{"dcg": 15.989076257602761, "dcg@03": 11.255149732110421, "dcg@05": 12.298589051205148, "dcg@10": 13.452948508839668, "dcg@20": 14.450119315879954, "ndcg": 0.7265524331502579, "ndcg@03": 0.6073913888259906, "ndcg@05": 0.6297274817263996, "ndcg@10": 0.6579460475032356, "ndcg@20": 0.683425095430165, "precision@01": 0.6013363028953229, "precision@03": 0.3328878990348923, "precision@05": 0.23884187082405348, "precision@10": 0.1464365256124722, "precision@20": 0.08787305122494435, "recall@01": 0.43219900886774987, "recall@03": 0.6152641906254509, "recall@05": 0.689117822000699, "recall@10": 0.7719252826012946, "recall@20": 0.8533266306091539, "relevant rank": 16.549477682811016, "relevant rank per query": 38.81202672605791}