{"dcg": 17.281991561724748, "dcg@03": 12.887946401963282, "dcg@05": 13.870187835234315, "dcg@10": 15.06193553666337, "dcg@20": 15.982763129740482, "ndcg": 0.7932603233777635, "ndcg@03": 0.6979221448827354, "ndcg@05": 0.7125574085508724, "ndcg@10": 0.7379318176317662, "ndcg@20": 0.7598087753328922, "precision@01": 0.7046770601336302, "precision@03": 0.3774313288789904, "precision@05": 0.26387527839643654, "precision@10": 0.15991091314031183, "precision@20": 0.0933964365256125, "recall@01": 0.5152095153634522, "recall@03": 0.6930050236748129, "recall@05": 0.7540179475313106, "recall@10": 0.8308812054940706, "recall@20": 0.9017038117129823, "relevant rank": 13.037511870845204, "relevant rank per query": 30.575723830734965}